Datetime,Adj Close,Close,High,Low,Open,Volume
,MSFT,MSFT,MSFT,MSFT,MSFT,MSFT
2026-03-25 08:00:00+00:00,374.73,374.73,375.01,374.7,375.01,0
2026-03-25 08:01:00+00:00,374.52,374.52,374.77,374.52,374.67,0
2026-03-25 08:02:00+00:00,374.67,374.67,374.71,374.65,374.65,0
2026-03-25 08:03:00+00:00,375.09,375.09,375.09,374.82,374.82,0
2026-03-25 08:04:00+00:00,375.47,375.47,375.5,375.2,375.2,0
2026-03-25 08:05:00+00:00,375.7,375.7,375.7,375.43,375.48,0
2026-03-25 08:06:00+00:00,376.35,376.35,376.35,375.7,375.7,0
2026-03-25 08:07:00+00:00,376.21,376.21,376.21,376.09,376.18,0
2026-03-25 08:08:00+00:00,376.0,376.0,376.24,376.0,376.24,0
2026-03-25 08:09:00+00:00,375.93,375.93,376.15,375.93,376.09,0
2026-03-25 08:10:00+00:00,376.2,376.2,376.25,376.0,376.05,0
2026-03-25 08:11:00+00:00,376.1,376.1,376.1,376.02,376.07,0
2026-03-25 08:12:00+00:00,375.99,375.99,376.09,375.97,376.09,0
2026-03-25 08:13:00+00:00,376.25,376.25,376.25,376.0,376.0,0
2026-03-25 08:14:00+00:00,376.47,376.47,376.47,376.18,376.18,0
2026-03-25 08:15:00+00:00,376.6,376.6,376.6,376.36,376.41,0
2026-03-25 08:16:00+00:00,376.59,376.59,376.59,376.49,376.59,0
2026-03-25 08:17:00+00:00,376.48,376.48,376.6,376.44,376.56,0
2026-03-25 08:18:00+00:00,376.53,376.53,376.53,376.5,376.5,0
2026-03-25 08:19:00+00:00,376.72,376.72,376.73,376.53,376.53,0
2026-03-25 08:20:00+00:00,376.66,376.66,376.75,376.66,376.75,0
2026-03-25 08:21:00+00:00,377.16,377.16,377.3,376.74,376.74,0
2026-03-25 08:22:00+00:00,377.11,377.11,377.16,377.0,377.1,0
2026-03-25 08:23:00+00:00,376.85,376.85,377.0,376.85,377.0,0
2026-03-25 08:24:00+00:00,376.96,376.96,376.96,376.85,376.85,0
2026-03-25 08:25:00+00:00,376.99,376.99,377.0,376.99,376.99,0
2026-03-25 08:26:00+00:00,376.75,376.75,376.95,376.7,376.95,0
2026-03-25 08:27:00+00:00,376.7,376.7,376.78,376.67,376.74,0
2026-03-25 08:28:00+00:00,376.49,376.49,376.79,376.49,376.7,0
2026-03-25 08:29:00+00:00,376.56,376.56,376.56,376.49,376.49,0
2026-03-25 08:30:00+00:00,376.56,376.56,376.56,376.53,376.56,0
2026-03-25 08:31:00+00:00,376.84,376.84,376.84,376.6,376.61,0
2026-03-25 08:32:00+00:00,376.98,376.98,377.0,376.77,376.92,0
2026-03-25 08:33:00+00:00,377.15,377.15,377.15,376.98,376.98,0
2026-03-25 08:34:00+00:00,377.01,377.01,377.15,377.01,377.13,0
2026-03-25 08:35:00+00:00,376.8,376.8,376.94,376.71,376.84,0
2026-03-25 08:36:00+00:00,376.33,376.33,376.8,376.33,376.8,0
2026-03-25 08:37:00+00:00,376.53,376.53,376.69,376.53,376.59,0
2026-03-25 08:38:00+00:00,376.69,376.69,376.69,376.45,376.54,0
2026-03-25 08:39:00+00:00,376.45,376.45,376.58,376.44,376.57,0
2026-03-25 08:40:00+00:00,376.55,376.55,376.55,376.55,376.55,0
2026-03-25 08:41:00+00:00,376.76,376.76,376.76,376.55,376.55,0
2026-03-25 08:42:00+00:00,376.8,376.8,376.94,376.8,376.84,0
2026-03-25 08:43:00+00:00,376.74,376.74,376.75,376.7,376.7,0
2026-03-25 08:44:00+00:00,376.72,376.72,376.8,376.72,376.79,0
2026-03-25 08:45:00+00:00,376.6,376.6,376.66,376.53,376.66,0
2026-03-25 08:46:00+00:00,376.72,376.72,376.72,376.53,376.53,0
2026-03-25 08:47:00+00:00,376.66,376.66,376.7,376.6,376.68,0
2026-03-25 08:48:00+00:00,376.5,376.5,376.68,376.5,376.67,0
2026-03-25 08:49:00+00:00,376.4,376.4,376.52,376.4,376.5,0
2026-03-25 08:50:00+00:00,376.34,376.34,376.34,376.34,376.34,0
2026-03-25 08:51:00+00:00,376.41,376.41,376.41,376.27,376.29,0
2026-03-25 08:52:00+00:00,376.35,376.35,376.53,376.35,376.46,0
2026-03-25 08:53:00+00:00,376.31,376.31,376.35,376.1,376.35,0
2026-03-25 08:54:00+00:00,375.8,375.8,376.25,375.8,376.25,0
2026-03-25 08:55:00+00:00,376.02,376.02,376.04,375.81,375.85,0
2026-03-25 08:56:00+00:00,376.01,376.01,376.29,376.01,376.1,0
2026-03-25 08:57:00+00:00,375.83,375.83,375.96,375.72,375.81,0
2026-03-25 08:58:00+00:00,376.27,376.27,376.27,375.94,375.98,0
2026-03-25 08:59:00+00:00,376.2,376.2,376.23,376.2,376.23,0
2026-03-25 09:00:00+00:00,376.15,376.15,376.25,375.98,376.2,0
2026-03-25 09:01:00+00:00,375.89,375.89,375.98,375.89,375.98,0
2026-03-25 09:02:00+00:00,376.33,376.33,376.33,376.29,376.29,0
2026-03-25 09:03:00+00:00,376.23,376.23,376.33,376.23,376.33,0
2026-03-25 09:04:00+00:00,376.32,376.32,376.32,376.23,376.23,0
2026-03-25 09:05:00+00:00,376.56,376.56,376.56,376.41,376.41,0
2026-03-25 09:06:00+00:00,376.5,376.5,376.54,376.46,376.54,0
2026-03-25 09:07:00+00:00,376.27,376.27,376.4,376.22,376.4,0
2026-03-25 09:08:00+00:00,376.18,376.18,376.35,376.15,376.35,0
2026-03-25 09:09:00+00:00,376.1,376.1,376.16,376.1,376.16,0
2026-03-25 09:10:00+00:00,376.11,376.11,376.25,376.11,376.25,0
2026-03-25 09:11:00+00:00,376.38,376.38,376.38,376.38,376.38,0
2026-03-25 09:12:00+00:00,376.51,376.51,376.51,376.47,376.47,0
2026-03-25 09:13:00+00:00,376.5,376.5,376.5,376.5,376.5,0
2026-03-25 09:14:00+00:00,376.6,376.6,376.6,376.53,376.53,0
2026-03-25 09:15:00+00:00,376.51,376.51,376.51,376.51,376.51,0
2026-03-25 09:16:00+00:00,376.52,376.52,376.53,376.51,376.53,0
2026-03-25 09:17:00+00:00,376.5,376.5,376.65,376.5,376.65,0
2026-03-25 09:18:00+00:00,376.5,376.5,376.5,376.5,376.5,0
2026-03-25 09:19:00+00:00,376.45,376.45,376.58,376.45,376.58,0
2026-03-25 09:20:00+00:00,376.36,376.36,376.49,376.36,376.37,0
2026-03-25 09:21:00+00:00,376.4,376.4,376.43,376.4,376.43,0
2026-03-25 09:22:00+00:00,376.6,376.6,376.6,376.22,376.3,0
2026-03-25 09:23:00+00:00,376.5,376.5,376.66,376.5,376.66,0
2026-03-25 09:24:00+00:00,376.72,376.72,376.72,376.3,376.43,0
2026-03-25 09:25:00+00:00,376.41,376.41,376.61,376.38,376.38,0
2026-03-25 09:26:00+00:00,376.57,376.57,376.57,376.2,376.44,0
2026-03-25 09:27:00+00:00,376.29,376.29,376.3,376.29,376.3,0
2026-03-25 09:28:00+00:00,376.4,376.4,376.4,376.4,376.4,0
2026-03-25 09:29:00+00:00,376.38,376.38,376.4,376.38,376.4,0
2026-03-25 09:30:00+00:00,376.5,376.5,376.5,376.26,376.35,0
2026-03-25 09:31:00+00:00,376.57,376.57,376.61,376.57,376.59,0
2026-03-25 09:32:00+00:00,376.53,376.53,376.63,376.53,376.63,0
2026-03-25 09:33:00+00:00,376.23,376.23,376.65,376.23,376.65,0
2026-03-25 09:34:00+00:00,376.23,376.23,376.49,376.23,376.44,0
2026-03-25 09:35:00+00:00,376.23,376.23,376.41,376.1,376.2,0
2026-03-25 09:36:00+00:00,376.15,376.15,376.22,376.15,376.22,0
2026-03-25 09:37:00+00:00,376.0,376.0,376.15,376.0,376.12,0
2026-03-25 09:39:00+00:00,376.2,376.2,376.2,376.2,376.2,0
2026-03-25 09:40:00+00:00,376.51,376.51,376.65,376.28,376.28,0
2026-03-25 09:41:00+00:00,376.53,376.53,376.72,376.4,376.51,0
2026-03-25 09:42:00+00:00,376.15,376.15,376.52,376.15,376.52,0
2026-03-25 09:43:00+00:00,376.47,376.47,376.47,376.43,376.43,0
2026-03-25 09:44:00+00:00,376.14,376.14,376.18,376.14,376.18,0
2026-03-25 09:46:00+00:00,376.02,376.02,376.2,376.01,376.04,0
2026-03-25 09:47:00+00:00,375.7,375.7,376.1,375.7,376.08,0
2026-03-25 09:48:00+00:00,375.5,375.5,375.58,375.5,375.58,0
2026-03-25 09:49:00+00:00,375.83,375.83,375.83,375.55,375.56,0
2026-03-25 09:50:00+00:00,375.62,375.62,375.67,375.62,375.67,0
2026-03-25 09:51:00+00:00,375.62,375.62,375.85,375.62,375.85,0
2026-03-25 09:52:00+00:00,375.86,375.86,375.86,375.82,375.82,0
2026-03-25 09:53:00+00:00,375.75,375.75,375.82,375.75,375.81,0
2026-03-25 09:54:00+00:00,375.77,375.77,375.77,375.7,375.7,0
2026-03-25 09:55:00+00:00,375.71,375.71,375.78,375.71,375.78,0
2026-03-25 09:56:00+00:00,375.61,375.61,375.78,375.6,375.73,0
2026-03-25 09:57:00+00:00,375.74,375.74,375.74,375.7,375.7,0
2026-03-25 09:58:00+00:00,375.72,375.72,375.72,375.53,375.7,0
2026-03-25 09:59:00+00:00,375.79,375.79,375.79,375.79,375.79,0
2026-03-25 10:01:00+00:00,375.99,375.99,376.14,375.9,376.08,0
2026-03-25 10:02:00+00:00,376.16,376.16,376.16,376.14,376.14,0
2026-03-25 10:03:00+00:00,376.02,376.02,376.07,375.92,375.99,0
2026-03-25 10:05:00+00:00,376.0,376.0,376.0,375.98,375.98,0
2026-03-25 10:06:00+00:00,375.8,375.8,376.0,375.8,375.98,0
2026-03-25 10:07:00+00:00,375.95,375.95,375.95,375.88,375.88,0
2026-03-25 10:08:00+00:00,375.81,375.81,375.81,375.81,375.81,0
2026-03-25 10:09:00+00:00,376.06,376.06,376.06,375.9,375.98,0
2026-03-25 10:10:00+00:00,376.09,376.09,376.09,376.09,376.09,0
2026-03-25 10:11:00+00:00,376.15,376.15,376.17,376.14,376.14,0
2026-03-25 10:12:00+00:00,376.05,376.05,376.15,376.05,376.13,0
2026-03-25 10:13:00+00:00,376.04,376.04,376.11,376.04,376.11,0
2026-03-25 10:14:00+00:00,376.25,376.25,376.27,376.15,376.15,0
2026-03-25 10:16:00+00:00,376.44,376.44,376.44,376.38,376.38,0
2026-03-25 10:17:00+00:00,376.35,376.35,376.44,376.35,376.44,0
2026-03-25 10:18:00+00:00,376.42,376.42,376.42,376.41,376.41,0
2026-03-25 10:19:00+00:00,376.38,376.38,376.39,376.35,376.36,0
2026-03-25 10:20:00+00:00,376.3,376.3,376.36,376.3,376.33,0
2026-03-25 10:21:00+00:00,376.2,376.2,376.3,376.15,376.3,0
2026-03-25 10:22:00+00:00,376.09,376.09,376.2,376.09,376.2,0
2026-03-25 10:23:00+00:00,376.02,376.02,376.08,375.93,376.0,0
2026-03-25 10:24:00+00:00,376.11,376.11,376.11,376.11,376.11,0
2026-03-25 10:25:00+00:00,376.21,376.21,376.47,376.21,376.28,0
2026-03-25 10:26:00+00:00,376.43,376.43,376.43,376.21,376.41,0
2026-03-25 10:28:00+00:00,376.28,376.28,376.41,376.28,376.41,0
2026-03-25 10:29:00+00:00,376.2,376.2,376.41,376.2,376.41,0
2026-03-25 10:30:00+00:00,376.17,376.17,376.2,376.17,376.2,0
2026-03-25 10:31:00+00:00,378.0,378.0,379.69,376.32,376.32,0
2026-03-25 10:32:00+00:00,377.9,377.9,378.09,377.75,378.0,0
2026-03-25 10:33:00+00:00,377.5,377.5,377.9,377.4,377.9,0
2026-03-25 10:34:00+00:00,377.55,377.55,377.77,377.42,377.77,0
2026-03-25 10:35:00+00:00,378.42,378.42,378.42,377.55,377.55,0
2026-03-25 10:36:00+00:00,377.93,377.93,378.06,377.81,377.97,0
2026-03-25 10:37:00+00:00,378.01,378.01,378.1,377.55,377.96,0
2026-03-25 10:38:00+00:00,378.11,378.11,378.11,378.1,378.11,0
2026-03-25 10:39:00+00:00,378.01,378.01,378.14,378.01,378.11,0
2026-03-25 10:40:00+00:00,377.77,377.77,378.05,377.77,377.98,0
2026-03-25 10:41:00+00:00,377.81,377.81,377.81,377.65,377.7,0
2026-03-25 10:42:00+00:00,377.68,377.68,377.71,377.65,377.7,0
2026-03-25 10:43:00+00:00,377.16,377.16,377.55,377.06,377.55,0
2026-03-25 10:44:00+00:00,377.23,377.23,377.23,377.23,377.23,0
2026-03-25 10:45:00+00:00,377.26,377.26,377.26,377.23,377.23,0
2026-03-25 10:46:00+00:00,377.38,377.38,377.5,377.32,377.32,0
2026-03-25 10:47:00+00:00,377.4,377.4,377.4,377.32,377.32,0
2026-03-25 10:48:00+00:00,377.6,377.6,377.6,377.33,377.33,0
2026-03-25 10:49:00+00:00,377.71,377.71,377.71,377.71,377.71,0
2026-03-25 10:50:00+00:00,377.5,377.5,377.61,377.48,377.61,0
2026-03-25 10:51:00+00:00,377.4,377.4,377.4,377.4,377.4,0
2026-03-25 10:52:00+00:00,377.4,377.4,377.46,377.27,377.46,0
2026-03-25 10:53:00+00:00,377.35,377.35,377.35,377.35,377.35,0
2026-03-25 10:54:00+00:00,378.0,378.0,378.0,377.38,377.38,0
2026-03-25 10:55:00+00:00,377.79,377.79,377.79,377.79,377.79,0
2026-03-25 10:56:00+00:00,377.79,377.79,377.8,377.7,377.79,0
2026-03-25 10:57:00+00:00,377.5,377.5,377.71,377.5,377.71,0
2026-03-25 10:58:00+00:00,377.2,377.2,377.3,377.2,377.27,0
2026-03-25 10:59:00+00:00,376.76,376.76,377.12,376.55,377.12,0
2026-03-25 11:00:00+00:00,376.48,376.48,376.83,376.22,376.55,0
2026-03-25 11:01:00+00:00,376.6,376.6,376.65,376.4,376.4,0
2026-03-25 11:04:00+00:00,376.43,376.43,376.63,376.43,376.63,0
2026-03-25 11:05:00+00:00,376.76,376.76,376.76,376.44,376.49,0
2026-03-25 11:06:00+00:00,376.85,376.85,376.85,376.8,376.8,0
2026-03-25 11:07:00+00:00,376.57,376.57,376.74,376.57,376.74,0
2026-03-25 11:08:00+00:00,376.74,376.74,376.74,376.74,376.74,0
2026-03-25 11:09:00+00:00,376.75,376.75,376.81,376.75,376.75,0
2026-03-25 11:10:00+00:00,376.72,376.72,376.83,376.72,376.83,0
2026-03-25 11:11:00+00:00,376.62,376.62,376.76,376.62,376.74,0
2026-03-25 11:12:00+00:00,376.69,376.69,376.69,376.64,376.65,0
2026-03-25 11:14:00+00:00,376.819,376.819,376.83,376.819,376.83,0
2026-03-25 11:15:00+00:00,376.85,376.85,376.85,376.8,376.83,0
2026-03-25 11:16:00+00:00,376.93,376.93,377.0,376.84,376.89,0
2026-03-25 11:17:00+00:00,376.8,376.8,376.8,376.75,376.75,0
2026-03-25 11:18:00+00:00,376.8,376.8,376.8,376.8,376.8,0
2026-03-25 11:20:00+00:00,376.8,376.8,376.8,376.7,376.76,0
2026-03-25 11:21:00+00:00,376.99,376.99,376.99,376.94,376.98,0
2026-03-25 11:22:00+00:00,376.81,376.81,376.87,376.8,376.86,0
2026-03-25 11:23:00+00:00,377.0,377.0,377.0,377.0,377.0,0
2026-03-25 11:24:00+00:00,377.11,377.11,377.12,377.11,377.12,0
2026-03-25 11:25:00+00:00,377.1,377.1,377.1,377.05,377.09,0
2026-03-25 11:26:00+00:00,377.25,377.25,377.25,377.25,377.25,0
2026-03-25 11:27:00+00:00,377.16,377.16,377.19,377.1,377.11,0
2026-03-25 11:28:00+00:00,377.07,377.07,377.19,377.07,377.19,0
2026-03-25 11:29:00+00:00,377.11,377.11,377.11,377.1,377.1,0
2026-03-25 11:30:00+00:00,377.25,377.25,377.25,377.15,377.16,0
2026-03-25 11:31:00+00:00,377.27,377.27,377.27,377.27,377.27,0
2026-03-25 11:32:00+00:00,377.34,377.34,377.34,377.23,377.26,0
2026-03-25 11:34:00+00:00,377.28,377.28,377.28,377.23,377.23,0
2026-03-25 11:35:00+00:00,377.3,377.3,377.3,377.3,377.3,0
2026-03-25 11:36:00+00:00,377.28,377.28,377.34,377.28,377.33,0
2026-03-25 11:37:00+00:00,377.32,377.32,377.34,377.26,377.27,0
2026-03-25 11:38:00+00:00,377.63,377.63,377.64,377.4,377.43,0
2026-03-25 11:39:00+00:00,377.51,377.51,377.75,377.48,377.5,0
2026-03-25 11:40:00+00:00,377.34,377.34,377.42,377.34,377.42,0
2026-03-25 11:41:00+00:00,377.39,377.39,377.39,377.39,377.39,0
2026-03-25 11:42:00+00:00,377.5,377.5,377.5,377.45,377.46,0
2026-03-25 11:43:00+00:00,377.49,377.49,377.52,377.48,377.52,0
2026-03-25 11:44:00+00:00,377.6,377.6,377.6,377.42,377.45,0
2026-03-25 11:46:00+00:00,377.34,377.34,377.42,377.34,377.42,0
2026-03-25 11:47:00+00:00,377.02,377.02,377.34,376.97,377.34,0
2026-03-25 11:48:00+00:00,376.9,376.9,377.05,376.9,377.05,0
2026-03-25 11:49:00+00:00,376.94,376.94,376.95,376.77,376.77,0
2026-03-25 11:50:00+00:00,376.8,376.8,377.0,376.65,376.89,0
2026-03-25 11:51:00+00:00,376.8,376.8,376.8,376.8,376.8,0
2026-03-25 11:52:00+00:00,376.98,376.98,376.99,376.98,376.99,0
2026-03-25 11:53:00+00:00,376.95,376.95,376.95,376.95,376.95,0
2026-03-25 11:54:00+00:00,376.8,376.8,376.8,376.8,376.8,0
2026-03-25 11:55:00+00:00,377.16,377.16,377.16,377.0,377.0,0
2026-03-25 11:56:00+00:00,377.16,377.16,377.17,377.05,377.06,0
2026-03-25 11:57:00+00:00,377.16,377.16,377.17,377.16,377.16,0
2026-03-25 11:58:00+00:00,377.229,377.229,377.229,377.09,377.09,0
2026-03-25 11:59:00+00:00,377.37,377.37,377.37,377.229,377.229,0
2026-03-25 12:00:00+00:00,377.5,377.5,379.34,372.74,376.15,0
2026-03-25 12:01:00+00:00,377.3256,377.3256,377.5,373.39,374.88,0
2026-03-25 12:02:00+00:00,377.25,377.25,377.3503,374.0,376.1997,0
2026-03-25 12:03:00+00:00,377.41,377.41,377.41,377.2,377.25,0
2026-03-25 12:04:00+00:00,377.2512,377.2512,377.49,377.2512,377.3743,0
2026-03-25 12:05:00+00:00,374.37,374.37,377.61,372.74,377.49,0
2026-03-25 12:06:00+00:00,377.8,377.8,377.8,373.47,374.69,0
2026-03-25 12:07:00+00:00,377.7427,377.7427,377.85,377.51,377.8,0
2026-03-25 12:08:00+00:00,377.85,377.85,378.0,377.7,377.85,0
2026-03-25 12:09:00+00:00,377.8,377.8,377.85,377.51,377.85,0
2026-03-25 12:10:00+00:00,377.56,377.56,377.8,377.51,377.7585,0
2026-03-25 12:11:00+00:00,377.78,377.78,377.8,377.5,377.6,0
2026-03-25 12:12:00+00:00,377.5757,377.5757,377.78,377.51,377.78,0
2026-03-25 12:13:00+00:00,377.7,377.7,377.7,377.26,377.64,0
2026-03-25 12:14:00+00:00,377.5,377.5,377.7,377.3003,377.5,0
2026-03-25 12:15:00+00:00,377.3365,377.3365,377.5,377.2,377.5,0
2026-03-25 12:16:00+00:00,377.01,377.01,377.5,377.01,377.28,0
2026-03-25 12:17:00+00:00,376.6237,376.6237,377.39,376.56,377.0919,0
2026-03-25 12:18:00+00:00,376.56,376.56,376.97,376.513,376.62,0
2026-03-25 12:19:00+00:00,376.5,376.5,376.92,376.5,376.7,0
2026-03-25 12:20:00+00:00,376.71,376.71,376.89,376.26,376.53,0
2026-03-25 12:21:00+00:00,376.8,376.8,376.89,376.4171,376.8733,0
2026-03-25 12:22:00+00:00,376.6888,376.6888,376.88,376.45,376.7,0
2026-03-25 12:23:00+00:00,376.13,376.13,376.68,375.9,376.55,0
2026-03-25 12:24:00+00:00,376.3,376.3,376.5,376.13,376.13,0
2026-03-25 12:25:00+00:00,376.53,376.53,376.8,376.3,376.4579,0
2026-03-25 12:26:00+00:00,376.5,376.5,376.8,376.5,376.5,0
2026-03-25 12:27:00+00:00,376.3487,376.3487,376.75,376.3,376.5,0
2026-03-25 12:28:00+00:00,376.13,376.13,376.4,376.1257,376.4,0
2026-03-25 12:29:00+00:00,376.4284,376.4284,376.4284,376.01,376.35,0
2026-03-25 12:30:00+00:00,376.1075,376.1075,376.58,376.03,376.42,0
2026-03-25 12:31:00+00:00,376.0,376.0,376.15,375.86,376.03,0
2026-03-25 12:32:00+00:00,375.89,375.89,376.23,375.8,376.0,0
2026-03-25 12:33:00+00:00,375.8801,375.8801,376.29,375.8072,375.85,0
2026-03-25 12:34:00+00:00,376.22,376.22,376.69,375.88,376.29,0
2026-03-25 12:35:00+00:00,376.39,376.39,376.428,376.157,376.3,0
2026-03-25 12:36:00+00:00,376.18,376.18,376.3938,376.03,376.38,0
2026-03-25 12:37:00+00:00,376.4,376.4,376.45,376.2,376.3,0
2026-03-25 12:38:00+00:00,376.49,376.49,376.6699,376.4494,376.4494,0
2026-03-25 12:39:00+00:00,376.66,376.66,376.66,376.45,376.57,0
2026-03-25 12:40:00+00:00,376.67,376.67,377.0,376.61,376.66,0
2026-03-25 12:41:00+00:00,376.6,376.6,376.777,376.529,376.6402,0
2026-03-25 12:42:00+00:00,376.61,376.61,376.7,376.51,376.7,0
2026-03-25 12:43:00+00:00,376.61,376.61,376.7,376.61,376.6611,0
2026-03-25 12:44:00+00:00,376.55,376.55,376.69,376.5,376.6,0
2026-03-25 12:45:00+00:00,376.5217,376.5217,376.68,376.2,376.5,0
2026-03-25 12:46:00+00:00,376.505,376.505,376.7,376.32,376.4213,0
2026-03-25 12:47:00+00:00,376.47,376.47,376.6,376.32,376.5434,0
2026-03-25 12:48:00+00:00,376.4,376.4,376.59,376.3341,376.3341,0
2026-03-25 12:49:00+00:00,376.5,376.5,376.57,376.45,376.5,0
2026-03-25 12:50:00+00:00,376.3294,376.3294,376.57,376.32,376.4042,0
2026-03-25 12:51:00+00:00,376.2,376.2,376.5,376.02,376.4955,0
2026-03-25 12:52:00+00:00,376.39,376.39,376.39,376.0,376.16,0
2026-03-25 12:53:00+00:00,376.24,376.24,376.3306,376.0012,376.3306,0
2026-03-25 12:54:00+00:00,376.1105,376.1105,376.28,376.0,376.28,0
2026-03-25 12:55:00+00:00,376.5,376.5,376.7,376.2,376.2,0
2026-03-25 12:56:00+00:00,376.42,376.42,376.6492,376.35,376.57,0
2026-03-25 12:57:00+00:00,376.3,376.3,376.5,376.3,376.4,0
2026-03-25 12:58:00+00:00,376.374,376.374,376.4,376.2,376.387,0
2026-03-25 12:59:00+00:00,376.27,376.27,376.37,376.27,376.3,0
2026-03-25 13:00:00+00:00,376.19,376.19,376.38,375.8292,376.36,0
2026-03-25 13:01:00+00:00,376.26,376.26,376.37,376.1002,376.19,0
2026-03-25 13:02:00+00:00,376.35,376.35,376.4,376.0,376.3,0
2026-03-25 13:03:00+00:00,376.51,376.51,376.65,376.35,376.36,0
2026-03-25 13:04:00+00:00,377.0,377.0,377.11,376.4172,376.65,0
2026-03-25 13:05:00+00:00,377.09,377.09,377.1,376.8,377.1,0
2026-03-25 13:06:00+00:00,377.14,377.14,377.15,376.9499,377.02,0
2026-03-25 13:07:00+00:00,377.11,377.11,377.35,377.11,377.14,0
2026-03-25 13:08:00+00:00,377.15,377.15,377.25,376.5,377.12,0
2026-03-25 13:09:00+00:00,376.9045,376.9045,377.25,376.79,377.25,0
2026-03-25 13:10:00+00:00,377.09,377.09,377.2,376.6663,376.79,0
2026-03-25 13:11:00+00:00,377.0,377.0,377.2,376.8,377.0,0
2026-03-25 13:12:00+00:00,377.0,377.0,377.0988,376.6282,377.06,0
2026-03-25 13:13:00+00:00,376.62,376.62,377.0,376.2072,376.92,0
2026-03-25 13:14:00+00:00,376.8661,376.8661,376.98,376.2,376.77,0
2026-03-25 13:15:00+00:00,376.755,376.755,376.97,376.36,376.87,0
2026-03-25 13:16:00+00:00,376.85,376.85,376.9,376.65,376.75,0
2026-03-25 13:17:00+00:00,377.0,377.0,377.0,376.8,376.8,0
2026-03-25 13:18:00+00:00,377.01,377.01,377.04,376.67,376.9,0
2026-03-25 13:19:00+00:00,377.09,377.09,377.19,376.92,377.06,0
2026-03-25 13:20:00+00:00,377.0,377.0,377.09,376.93,377.0588,0
2026-03-25 13:21:00+00:00,376.9458,376.9458,377.09,376.86,377.05,0
2026-03-25 13:22:00+00:00,376.8,376.8,377.0,376.8,377.0,0
2026-03-25 13:23:00+00:00,376.8,376.8,376.8,376.66,376.71,0
2026-03-25 13:24:00+00:00,376.8,376.8,377.01,376.66,376.8,0
2026-03-25 13:25:00+00:00,377.2,377.2,377.35,376.65,376.65,0
2026-03-25 13:26:00+00:00,377.74,377.74,378.01,377.19,377.35,0
2026-03-25 13:27:00+00:00,377.3,377.3,378.6,376.65,377.91,0
2026-03-25 13:28:00+00:00,377.03,377.03,377.53,377.0,377.37,0
2026-03-25 13:29:00+00:00,377.09,377.09,377.12,376.81,376.95,0
2026-03-25 13:30:00+00:00,375.82501220703125,375.82501220703125,377.05999755859375,374.7799987792969,376.9200134277344,1479140
2026-03-25 13:31:00+00:00,375.55999755859375,375.55999755859375,376.32000732421875,375.51458740234375,375.8599853515625,294833
2026-03-25 13:32:00+00:00,375.2449951171875,375.2449951171875,375.8598937988281,375.1600036621094,375.55999755859375,135451
2026-03-25 13:33:00+00:00,375.3699951171875,375.3699951171875,375.45001220703125,374.9100036621094,375.239990234375,106776
2026-03-25 13:34:00+00:00,376.23260498046875,376.23260498046875,376.30999755859375,375.4169921875,375.4169921875,109351
2026-03-25 13:35:00+00:00,376.2799987792969,376.2799987792969,376.6000061035156,375.81689453125,376.2300109863281,97688
2026-03-25 13:36:00+00:00,376.6600036621094,376.6600036621094,376.67498779296875,376.010009765625,376.32000732421875,121965
2026-03-25 13:37:00+00:00,376.69500732421875,376.69500732421875,376.760009765625,376.44000244140625,376.6700134277344,100245
2026-03-25 13:38:00+00:00,375.95001220703125,375.95001220703125,376.81988525390625,375.8700866699219,376.69000244140625,159411
2026-03-25 13:39:00+00:00,375.0050048828125,375.0050048828125,376.0050048828125,374.9200134277344,375.9750061035156,103220
2026-03-25 13:40:00+00:00,375.31500244140625,375.31500244140625,375.45001220703125,374.9700012207031,374.97900390625,99722
2026-03-25 13:41:00+00:00,375.07000732421875,375.07000732421875,375.32000732421875,374.95001220703125,375.2900085449219,107652
2026-03-25 13:42:00+00:00,374.2200012207031,374.2200012207031,375.1400146484375,374.2200012207031,375.0950012207031,129383
2026-03-25 13:43:00+00:00,374.0799865722656,374.0799865722656,374.439208984375,373.9599914550781,374.25,148496
2026-03-25 13:44:00+00:00,373.70001220703125,373.70001220703125,374.17999267578125,373.510009765625,374.0799865722656,134556
2026-03-25 13:45:00+00:00,374.0,374.0,374.2698974609375,373.6700134277344,373.7049865722656,172250
2026-03-25 13:46:00+00:00,373.8974914550781,373.8974914550781,374.1600036621094,373.7699890136719,373.9649963378906,73666
2026-03-25 13:47:00+00:00,374.090087890625,374.090087890625,374.2200012207031,373.6400146484375,373.8500061035156,71212
2026-03-25 13:48:00+00:00,374.3349914550781,374.3349914550781,374.3599853515625,373.95001220703125,374.0799865722656,132034
2026-03-25 13:49:00+00:00,374.04998779296875,374.04998779296875,374.5400085449219,373.9700012207031,374.3800048828125,93924
2026-03-25 13:50:00+00:00,373.6400146484375,373.6400146484375,374.25,373.4200134277344,374.04998779296875,116885
2026-03-25 13:51:00+00:00,373.7349853515625,373.7349853515625,373.9198913574219,373.65289306640625,373.65289306640625,75860
2026-03-25 13:52:00+00:00,373.82000732421875,373.82000732421875,373.8800048828125,373.66009521484375,373.7200012207031,85946
2026-03-25 13:53:00+00:00,373.9200134277344,373.9200134277344,374.07000732421875,373.75,373.82000732421875,80489
2026-03-25 13:54:00+00:00,374.07501220703125,374.07501220703125,374.0989074707031,373.739990234375,373.8800048828125,92072
2026-03-25 13:55:00+00:00,373.92498779296875,373.92498779296875,374.30999755859375,373.8949890136719,374.07501220703125,65835
2026-03-25 13:56:00+00:00,373.44000244140625,373.44000244140625,374.0400085449219,373.3599853515625,373.92498779296875,217584
2026-03-25 13:57:00+00:00,373.5198974609375,373.5198974609375,373.6099853515625,373.2699890136719,373.44000244140625,95160
2026-03-25 13:58:00+00:00,373.4649963378906,373.4649963378906,373.7200012207031,373.3299865722656,373.4800109863281,98630
2026-03-25 13:59:00+00:00,373.3949890136719,373.3949890136719,373.489990234375,373.17999267578125,373.4700012207031,74140
2026-03-25 14:00:00+00:00,373.139892578125,373.139892578125,373.5899963378906,373.139892578125,373.41119384765625,85371
2026-03-25 14:01:00+00:00,373.3949890136719,373.3949890136719,373.4700012207031,373.0799865722656,373.1400146484375,88362
2026-03-25 14:02:00+00:00,372.94000244140625,372.94000244140625,373.45001220703125,372.8500061035156,373.385009765625,163772
2026-03-25 14:03:00+00:00,372.885009765625,372.885009765625,373.0704040527344,372.6499938964844,372.9599914550781,111624
2026-03-25 14:04:00+00:00,373.197509765625,373.197509765625,373.2049865722656,372.8450012207031,372.8699951171875,102001
2026-03-25 14:05:00+00:00,372.7900085449219,372.7900085449219,373.2300109863281,372.6199951171875,373.1911926269531,112464
2026-03-25 14:06:00+00:00,373.44500732421875,373.44500732421875,373.6499938964844,372.8299865722656,372.8399963378906,109391
2026-03-25 14:07:00+00:00,373.2300109863281,373.2300109863281,373.6400146484375,373.19000244140625,373.4800109863281,119398
2026-03-25 14:08:00+00:00,373.5,373.5,373.69500732421875,373.2099914550781,373.2900085449219,71118
2026-03-25 14:09:00+00:00,373.2200012207031,373.2200012207031,373.510009765625,373.125,373.41461181640625,90321
2026-03-25 14:10:00+00:00,373.0899963378906,373.0899963378906,373.2699890136719,372.95001220703125,373.2099914550781,77496
2026-03-25 14:11:00+00:00,373.41070556640625,373.41070556640625,373.54998779296875,373.00970458984375,373.07000732421875,100398
2026-03-25 14:12:00+00:00,373.760009765625,373.760009765625,373.8800048828125,373.44000244140625,373.4599914550781,120085
2026-03-25 14:13:00+00:00,373.67498779296875,373.67498779296875,373.8799133300781,373.5299987792969,373.7900085449219,89222
2026-03-25 14:14:00+00:00,374.1600036621094,374.1600036621094,374.25,373.5400085449219,373.6700134277344,85206
2026-03-25 14:15:00+00:00,373.95001220703125,373.95001220703125,374.2300109863281,373.8999938964844,374.1499938964844,73060
2026-03-25 14:16:00+00:00,373.8800048828125,373.8800048828125,373.9800109863281,373.7300109863281,373.9547119140625,50025
2026-03-25 14:17:00+00:00,373.8399963378906,373.8399963378906,373.95001220703125,373.70001220703125,373.8599853515625,53366
2026-03-25 14:18:00+00:00,374.3351135253906,374.3351135253906,374.3599853515625,373.79998779296875,373.8399963378906,76920
2026-03-25 14:19:00+00:00,373.8301086425781,373.8301086425781,374.3800048828125,373.80999755859375,374.3599853515625,51368
2026-03-25 14:20:00+00:00,374.1600036621094,374.1600036621094,374.2149963378906,373.8900146484375,373.8999938964844,65244
2026-03-25 14:21:00+00:00,374.17498779296875,374.17498779296875,374.20001220703125,374.05999755859375,374.1400146484375,45964
2026-03-25 14:22:00+00:00,373.9049987792969,373.9049987792969,374.14801025390625,373.760009765625,374.1400146484375,54737
2026-03-25 14:23:00+00:00,373.6625061035156,373.6625061035156,373.9800109863281,373.5199890136719,373.9599914550781,56204
2026-03-25 14:24:00+00:00,373.6000061035156,373.6000061035156,373.8500061035156,373.44000244140625,373.67999267578125,96314
2026-03-25 14:25:00+00:00,373.69000244140625,373.69000244140625,374.0,373.3399963378906,373.6000061035156,69845
2026-03-25 14:26:00+00:00,373.5199890136719,373.5199890136719,373.6499938964844,373.1700134277344,373.6499938964844,76401
2026-03-25 14:27:00+00:00,374.1400146484375,374.1400146484375,374.2300109863281,373.4200134277344,373.5199890136719,66887
2026-03-25 14:28:00+00:00,373.8500061035156,373.8500061035156,374.1400146484375,373.7099914550781,374.0899963378906,34997
2026-03-25 14:29:00+00:00,373.739990234375,373.739990234375,373.8868103027344,373.5899963378906,373.8599853515625,31965
2026-03-25 14:30:00+00:00,373.68499755859375,373.68499755859375,373.8599853515625,373.4750061035156,373.75,65417
2026-03-25 14:31:00+00:00,373.8500061035156,373.8500061035156,373.8800048828125,373.625,373.6600036621094,58910
2026-03-25 14:32:00+00:00,373.9599914550781,373.9599914550781,374.0799865722656,373.7699890136719,373.8500061035156,50346
2026-03-25 14:33:00+00:00,374.01220703125,374.01220703125,374.1300048828125,373.8299865722656,373.9549865722656,43077
2026-03-25 14:34:00+00:00,374.0799865722656,374.0799865722656,374.1199951171875,373.8699951171875,374.0320129394531,58349
2026-03-25 14:35:00+00:00,374.1300048828125,374.1300048828125,374.19879150390625,374.0400085449219,374.1000061035156,39437
2026-03-25 14:36:00+00:00,373.6300048828125,373.6300048828125,374.1300048828125,373.6099853515625,374.12200927734375,48373
2026-03-25 14:37:00+00:00,373.69000244140625,373.69000244140625,373.7898864746094,373.41009521484375,373.6000061035156,60814
2026-03-25 14:38:00+00:00,373.5199890136719,373.5199890136719,373.8800048828125,373.5,373.6955871582031,66108
2026-03-25 14:39:00+00:00,373.4200134277344,373.4200134277344,373.55999755859375,373.239990234375,373.5483093261719,64510
2026-03-25 14:40:00+00:00,373.3699951171875,373.3699951171875,373.5299987792969,373.2500915527344,373.42498779296875,41398
2026-03-25 14:41:00+00:00,373.5799865722656,373.5799865722656,373.760009765625,373.3349914550781,373.3949890136719,47842
2026-03-25 14:42:00+00:00,373.82000732421875,373.82000732421875,373.864990234375,373.4200134277344,373.6000061035156,53798
2026-03-25 14:43:00+00:00,373.55499267578125,373.55499267578125,373.7799987792969,373.4100036621094,373.760009765625,44731
2026-03-25 14:44:00+00:00,373.260009765625,373.260009765625,373.6199951171875,373.260009765625,373.5199890136719,57647
2026-03-25 14:45:00+00:00,373.3900146484375,373.3900146484375,373.489990234375,373.260009765625,373.260009765625,52130
2026-03-25 14:46:00+00:00,373.6300048828125,373.6300048828125,373.6300048828125,373.3599853515625,373.3900146484375,38953
2026-03-25 14:47:00+00:00,373.635009765625,373.635009765625,373.75,373.5199890136719,373.6180114746094,63989
2026-03-25 14:48:00+00:00,373.7200927734375,373.7200927734375,373.79998779296875,373.510009765625,373.6099853515625,74528
2026-03-25 14:49:00+00:00,373.4884948730469,373.4884948730469,373.69500732421875,373.4100036621094,373.6099853515625,49516
2026-03-25 14:50:00+00:00,373.6700134277344,373.6700134277344,373.70001220703125,373.3800048828125,373.47930908203125,65994
2026-03-25 14:51:00+00:00,373.1700134277344,373.1700134277344,373.6348876953125,373.1600036621094,373.5400085449219,102290
2026-03-25 14:52:00+00:00,372.7699890136719,372.7699890136719,373.25,372.7300109863281,373.17999267578125,129188
2026-03-25 14:53:00+00:00,372.7799987792969,372.7799987792969,372.8599853515625,372.70001220703125,372.7650146484375,75571
2026-03-25 14:54:00+00:00,372.8299865722656,372.8299865722656,373.0,372.7900085449219,372.82000732421875,53826
2026-03-25 14:55:00+00:00,373.32000732421875,373.32000732421875,373.4750061035156,372.7149963378906,372.8599853515625,163791
2026-03-25 14:56:00+00:00,373.6549987792969,373.6549987792969,373.7099914550781,373.2200012207031,373.32000732421875,73089
2026-03-25 14:57:00+00:00,373.6099853515625,373.6099853515625,373.72259521484375,373.3699951171875,373.6549987792969,48986
2026-03-25 14:58:00+00:00,373.6000061035156,373.6000061035156,373.6400146484375,373.4100036621094,373.6099853515625,33274
2026-03-25 14:59:00+00:00,373.25250244140625,373.25250244140625,373.6099853515625,373.1802062988281,373.5799865722656,41869
2026-03-25 15:00:00+00:00,373.06500244140625,373.06500244140625,373.29998779296875,373.0400085449219,373.2650146484375,41827
2026-03-25 15:01:00+00:00,373.06500244140625,373.06500244140625,373.1700134277344,372.9599914550781,373.07000732421875,35154
2026-03-25 15:02:00+00:00,373.1400146484375,373.1400146484375,373.17999267578125,373.0,373.1000061035156,36216
2026-03-25 15:03:00+00:00,373.2300109863281,373.2300109863281,373.35870361328125,373.0806884765625,373.1499938964844,58641
2026-03-25 15:04:00+00:00,373.2449951171875,373.2449951171875,373.3450012207031,373.19000244140625,373.2200012207031,36607
2026-03-25 15:05:00+00:00,373.32501220703125,373.32501220703125,373.44500732421875,373.1499938964844,373.2749938964844,65733
2026-03-25 15:06:00+00:00,372.989990234375,372.989990234375,373.364990234375,372.989990234375,373.3399963378906,42849
2026-03-25 15:07:00+00:00,372.2799987792969,372.2799987792969,373.07000732421875,372.2449951171875,373.0199890136719,118869
2026-03-25 15:08:00+00:00,372.30999755859375,372.30999755859375,372.30999755859375,372.30999755859375,372.30999755859375,95634
2026-03-25 15:09:00+00:00,371.8949890136719,371.8949890136719,372.33990478515625,371.79998779296875,372.2699890136719,155621
2026-03-25 15:10:00+00:00,371.54998779296875,371.54998779296875,372.17999267578125,371.4599914550781,371.8999938964844,116804
2026-03-25 15:11:00+00:00,371.2300109863281,371.2300109863281,371.7998962402344,371.20001220703125,371.5799865722656,104112
2026-03-25 15:12:00+00:00,370.7950134277344,370.7950134277344,371.2300109863281,370.6700134277344,371.2300109863281,135164
2026-03-25 15:13:00+00:00,370.7200012207031,370.7200012207031,370.9200134277344,370.6300048828125,370.79998779296875,108039
2026-03-25 15:14:00+00:00,370.4849853515625,370.4849853515625,370.739990234375,370.4599914550781,370.7034912109375,138407
2026-03-25 15:15:00+00:00,370.6400146484375,370.6400146484375,370.8500061035156,370.3999938964844,370.47119140625,108367
2026-03-25 15:16:00+00:00,369.8599853515625,369.8599853515625,370.7648010253906,369.82000732421875,370.6300048828125,362160
2026-03-25 15:17:00+00:00,369.9649963378906,369.9649963378906,370.17999267578125,369.739990234375,369.79998779296875,179918
2026-03-25 15:18:00+00:00,370.2099914550781,370.2099914550781,370.3999938964844,369.8500061035156,369.989990234375,98089
2026-03-25 15:19:00+00:00,369.989990234375,369.989990234375,370.3900146484375,369.95001220703125,370.20001220703125,95192
2026-03-25 15:20:00+00:00,370.159912109375,370.159912109375,370.2300109863281,369.8800964355469,370.0,114739
2026-03-25 15:21:00+00:00,370.15008544921875,370.15008544921875,370.4599914550781,370.05999755859375,370.0799865722656,77777
2026-03-25 15:22:00+00:00,370.32000732421875,370.32000732421875,370.4200134277344,370.1300048828125,370.17999267578125,54786
2026-03-25 15:23:00+00:00,370.40008544921875,370.40008544921875,370.4700012207031,370.17449951171875,370.2650146484375,73623
2026-03-25 15:24:00+00:00,370.68011474609375,370.68011474609375,370.8599853515625,370.32000732421875,370.3699951171875,90788
2026-03-25 15:25:00+00:00,370.7900085449219,370.7900085449219,370.8299865722656,370.489990234375,370.7200012207031,66531
2026-03-25 15:26:00+00:00,370.9599914550781,370.9599914550781,370.989990234375,370.52398681640625,370.7900085449219,50879
2026-03-25 15:27:00+00:00,370.6400146484375,370.6400146484375,370.9997863769531,370.5600891113281,370.989990234375,67912
2026-03-25 15:28:00+00:00,370.8599853515625,370.8599853515625,371.0050048828125,370.57000732421875,370.6199951171875,40353
2026-03-25 15:29:00+00:00,371.4150085449219,371.4150085449219,371.4200134277344,370.8599853515625,370.8599853515625,61829
2026-03-25 15:30:00+00:00,371.5299987792969,371.5299987792969,371.5400085449219,371.20001220703125,371.4150085449219,73269
2026-03-25 15:31:00+00:00,371.5400085449219,371.5400085449219,371.57000732421875,371.40008544921875,371.5350036621094,72664
2026-03-25 15:32:00+00:00,371.29998779296875,371.29998779296875,371.54998779296875,371.17999267578125,371.5199890136719,61015
2026-03-25 15:33:00+00:00,371.3500061035156,371.3500061035156,371.3599853515625,371.1499938964844,371.30999755859375,95375
2026-03-25 15:34:00+00:00,371.2200012207031,371.2200012207031,371.3599853515625,371.17999267578125,371.32000732421875,31951
2026-03-25 15:35:00+00:00,371.0101013183594,371.0101013183594,371.2499084472656,370.80999755859375,371.19500732421875,68457
2026-03-25 15:36:00+00:00,371.0,371.0,371.07000732421875,370.8999938964844,370.9800109863281,46176
2026-03-25 15:37:00+00:00,370.94000244140625,370.94000244140625,371.1000061035156,370.8399963378906,370.989990234375,69267
2026-03-25 15:38:00+00:00,370.7300109863281,370.7300109863281,371.0299987792969,370.70001220703125,371.0,58335
2026-03-25 15:39:00+00:00,370.57501220703125,370.57501220703125,370.82000732421875,370.5199890136719,370.7099914550781,73824
2026-03-25 15:40:00+00:00,370.5350036621094,370.5350036621094,370.80999755859375,370.5199890136719,370.5350036621094,37162
2026-03-25 15:41:00+00:00,370.3349914550781,370.3349914550781,370.6499938964844,370.2699890136719,370.54998779296875,51567
2026-03-25 15:42:00+00:00,370.114990234375,370.114990234375,370.4299011230469,370.05999755859375,370.32000732421875,63827
2026-03-25 15:43:00+00:00,370.1099853515625,370.1099853515625,370.2200012207031,370.04998779296875,370.1300048828125,55355
2026-03-25 15:44:00+00:00,370.30999755859375,370.30999755859375,370.4100036621094,370.07501220703125,370.0899963378906,71788
2026-03-25 15:45:00+00:00,370.1000061035156,370.1000061035156,370.3800048828125,370.0849914550781,370.30999755859375,65816
2026-03-25 15:46:00+00:00,370.1199951171875,370.1199951171875,370.2200012207031,369.9800109863281,370.1000061035156,139802
2026-03-25 15:47:00+00:00,370.1199951171875,370.1199951171875,370.29998779296875,370.0199890136719,370.0799865722656,65804
2026-03-25 15:48:00+00:00,370.2850036621094,370.2850036621094,370.32000732421875,370.0400085449219,370.125,36568
2026-03-25 15:49:00+00:00,370.2799987792969,370.2799987792969,370.3799133300781,370.17999267578125,370.2799987792969,48893
2026-03-25 15:50:00+00:00,370.4360046386719,370.4360046386719,370.59320068359375,370.260009765625,370.2699890136719,58225
2026-03-25 15:51:00+00:00,370.2950134277344,370.2950134277344,370.44000244140625,370.2699890136719,370.42999267578125,56379
2026-03-25 15:52:00+00:00,370.07501220703125,370.07501220703125,370.29998779296875,369.9800109863281,370.29998779296875,79401
2026-03-25 15:53:00+00:00,370.1099853515625,370.1099853515625,370.25,370.0299987792969,370.04998779296875,34527
2026-03-25 15:54:00+00:00,370.1200866699219,370.1200866699219,370.1600036621094,370.0,370.07501220703125,38789
2026-03-25 15:55:00+00:00,370.2149963378906,370.2149963378906,370.3900146484375,370.0,370.1549987792969,52243
2026-03-25 15:56:00+00:00,370.6549987792969,370.6549987792969,370.6549987792969,370.20001220703125,370.2300109863281,78193
2026-03-25 15:57:00+00:00,370.3599853515625,370.3599853515625,370.7340087890625,370.30999755859375,370.6400146484375,47795
2026-03-25 15:58:00+00:00,370.489990234375,370.489990234375,370.6600036621094,370.29998779296875,370.45001220703125,47299
2026-03-25 15:59:00+00:00,370.4154968261719,370.4154968261719,370.5799865722656,370.3399963378906,370.510009765625,51042
2026-03-25 16:00:00+00:00,370.3699951171875,370.3699951171875,370.568603515625,370.29998779296875,370.4100036621094,53996
2026-03-25 16:01:00+00:00,370.4092102050781,370.4092102050781,370.53839111328125,370.2200012207031,370.3699951171875,48808
2026-03-25 16:02:00+00:00,370.385009765625,370.385009765625,370.510009765625,370.2300109863281,370.409912109375,35713
2026-03-25 16:03:00+00:00,370.25,370.25,370.3699951171875,370.20001220703125,370.3699951171875,25517
2026-03-25 16:04:00+00:00,370.1300048828125,370.1300048828125,370.32000732421875,370.0799865722656,370.239990234375,27925
2026-03-25 16:05:00+00:00,370.1199951171875,370.1199951171875,370.239990234375,369.9800109863281,370.125,82898
2026-03-25 16:06:00+00:00,370.19989013671875,370.19989013671875,370.32000732421875,370.1449890136719,370.1449890136719,48262
2026-03-25 16:07:00+00:00,370.3299865722656,370.3299865722656,370.42999267578125,370.20001220703125,370.20001220703125,46009
2026-03-25 16:08:00+00:00,370.2900085449219,370.2900085449219,370.3599853515625,370.07000732421875,370.3299865722656,36116
2026-03-25 16:09:00+00:00,370.3349914550781,370.3349914550781,370.45001220703125,370.239990234375,370.29998779296875,45532
2026-03-25 16:10:00+00:00,370.1300048828125,370.1300048828125,370.3399963378906,370.0899963378906,370.3299865722656,34624
2026-03-25 16:11:00+00:00,370.3550109863281,370.3550109863281,370.3550109863281,370.1000061035156,370.16009521484375,34947
2026-03-25 16:12:00+00:00,370.239990234375,370.239990234375,370.45989990234375,370.1400146484375,370.3800048828125,39596
2026-03-25 16:13:00+00:00,370.2699890136719,370.2699890136719,370.3299865722656,370.17010498046875,370.2593078613281,31179
2026-03-25 16:14:00+00:00,370.2950134277344,370.2950134277344,370.409912109375,370.260009765625,370.260009765625,39882
2026-03-25 16:15:00+00:00,370.3299865722656,370.3299865722656,370.47100830078125,370.25,370.2900085449219,47654
2026-03-25 16:16:00+00:00,370.5,370.5,370.510009765625,370.29998779296875,370.3500061035156,45442
2026-03-25 16:17:00+00:00,370.5799865722656,370.5799865722656,370.6199951171875,370.3699951171875,370.4999084472656,35052
2026-03-25 16:18:00+00:00,370.3500061035156,370.3500061035156,370.5714111328125,370.3297119140625,370.54998779296875,66910
2026-03-25 16:19:00+00:00,370.4200134277344,370.4200134277344,370.45001220703125,370.3299865722656,370.3500061035156,49237
2026-03-25 16:20:00+00:00,370.489990234375,370.489990234375,370.6600036621094,370.3900146484375,370.4200134277344,70738
2026-03-25 16:21:00+00:00,370.3900146484375,370.3900146484375,370.5400085449219,370.3500061035156,370.4919128417969,45347
2026-03-25 16:22:00+00:00,370.364990234375,370.364990234375,370.42999267578125,370.25,370.4100036621094,35493
2026-03-25 16:23:00+00:00,370.3599853515625,370.3599853515625,370.7099914550781,370.3599853515625,370.3999938964844,69131
2026-03-25 16:24:00+00:00,370.6875,370.6875,370.8599853515625,370.3399963378906,370.3599853515625,105323
2026-03-25 16:25:00+00:00,370.8900146484375,370.8900146484375,371.0400085449219,370.5201110839844,370.8699951171875,113094
2026-03-25 16:26:00+00:00,371.010009765625,371.010009765625,371.139892578125,370.7200012207031,370.8999938964844,64888
2026-03-25 16:27:00+00:00,370.9049987792969,370.9049987792969,371.0799865722656,370.7900085449219,371.0107116699219,39378
2026-03-25 16:28:00+00:00,370.9800109863281,370.9800109863281,371.010009765625,370.79998779296875,370.8800048828125,45296
2026-03-25 16:29:00+00:00,370.875,370.875,370.9800109863281,370.80999755859375,370.9800109863281,65917
2026-03-25 16:30:00+00:00,370.9700012207031,370.9700012207031,371.0199890136719,370.6700134277344,370.875,33995
2026-03-25 16:31:00+00:00,371.1449890136719,371.1449890136719,371.19000244140625,370.92999267578125,370.95001220703125,40939
2026-03-25 16:32:00+00:00,371.0400085449219,371.0400085449219,371.1400146484375,370.9200134277344,371.1400146484375,67097
2026-03-25 16:33:00+00:00,371.2749938964844,371.2749938964844,371.30999755859375,371.0,371.05999755859375,58791
2026-03-25 16:34:00+00:00,371.1000061035156,371.1000061035156,371.32000732421875,371.0299987792969,371.2699890136719,36068
2026-03-25 16:35:00+00:00,371.2650146484375,371.2650146484375,371.3500061035156,371.010009765625,371.0899963378906,25426
2026-03-25 16:36:00+00:00,371.5199890136719,371.5199890136719,371.5400085449219,371.2250061035156,371.27508544921875,42992
2026-03-25 16:37:00+00:00,371.45001220703125,371.45001220703125,371.5199890136719,371.40008544921875,371.5199890136719,32301
2026-03-25 16:38:00+00:00,371.4198913574219,371.4198913574219,371.45001220703125,371.25,371.45001220703125,36637
2026-03-25 16:39:00+00:00,371.4200134277344,371.4200134277344,371.55999755859375,371.3299865722656,371.4194030761719,28264
2026-03-25 16:40:00+00:00,371.4090881347656,371.4090881347656,371.5,371.30999755859375,371.4200134277344,24591
2026-03-25 16:41:00+00:00,371.29998779296875,371.29998779296875,371.3999938964844,371.2200012207031,371.3500061035156,25149
2026-03-25 16:42:00+00:00,371.05499267578125,371.05499267578125,371.3999938964844,371.0400085449219,371.29998779296875,38386
2026-03-25 16:43:00+00:00,371.3349914550781,371.3349914550781,371.3349914550781,370.9700012207031,371.0400085449219,37339
2026-03-25 16:44:00+00:00,371.3550109863281,371.3550109863281,371.3800048828125,371.17999267578125,371.3500061035156,30064
2026-03-25 16:45:00+00:00,371.31439208984375,371.31439208984375,371.3900146484375,371.239990234375,371.3599853515625,29360
2026-03-25 16:46:00+00:00,371.3381042480469,371.3381042480469,371.3381042480469,371.1300048828125,371.29998779296875,24951
2026-03-25 16:47:00+00:00,371.0101013183594,371.0101013183594,371.30999755859375,370.95001220703125,371.30999755859375,39967
2026-03-25 16:48:00+00:00,370.9800109863281,370.9800109863281,371.1724853515625,370.95001220703125,371.0400085449219,24874
2026-03-25 16:49:00+00:00,370.989990234375,370.989990234375,371.0498962402344,370.9200134277344,370.9800109863281,24793
2026-03-25 16:50:00+00:00,370.79998779296875,370.79998779296875,371.0199890136719,370.7349853515625,370.989990234375,54116
2026-03-25 16:51:00+00:00,370.8949890136719,370.8949890136719,371.1000061035156,370.79998779296875,370.79998779296875,31613
2026-03-25 16:52:00+00:00,371.0,371.0,371.0799865722656,370.79998779296875,370.8900146484375,32390
2026-03-25 16:53:00+00:00,371.1400146484375,371.1400146484375,371.1899108886719,370.9849853515625,371.0,28047
2026-03-25 16:54:00+00:00,371.2049865722656,371.2049865722656,371.2799987792969,371.07000732421875,371.1499938964844,29964
2026-03-25 16:55:00+00:00,371.239990234375,371.239990234375,371.239990234375,371.0950012207031,371.20001220703125,34841
2026-03-25 16:56:00+00:00,371.17999267578125,371.17999267578125,371.33740234375,371.1549987792969,371.2200012207031,45677
2026-03-25 16:57:00+00:00,370.9800109863281,370.9800109863281,371.19000244140625,370.9800109863281,371.1853942871094,29227
2026-03-25 16:58:00+00:00,370.95001220703125,370.95001220703125,371.0249938964844,370.8299865722656,371.010009765625,23757
2026-03-25 16:59:00+00:00,370.9800109863281,370.9800109863281,371.1199951171875,370.9700012207031,370.9700012207031,19483
2026-03-25 17:00:00+00:00,371.0199890136719,371.0199890136719,371.1400146484375,370.9800109863281,371.0050048828125,28559
2026-03-25 17:01:00+00:00,371.1300048828125,371.1300048828125,371.19989013671875,371.0249938964844,371.0249938964844,20752
2026-03-25 17:02:00+00:00,370.92498779296875,370.92498779296875,371.1600036621094,370.6000061035156,371.135009765625,82278
2026-03-25 17:03:00+00:00,370.8299865722656,370.8299865722656,370.9750061035156,370.7900085449219,370.92999267578125,23693
2026-03-25 17:04:00+00:00,370.9205017089844,370.9205017089844,370.9800109863281,370.7117919921875,370.8299865722656,28648
2026-03-25 17:05:00+00:00,370.635009765625,370.635009765625,370.92498779296875,370.54998779296875,370.8999938964844,36247
2026-03-25 17:06:00+00:00,370.7449951171875,370.7449951171875,370.79998779296875,370.60009765625,370.6400146484375,25445
2026-03-25 17:07:00+00:00,370.69500732421875,370.69500732421875,370.8500061035156,370.68011474609375,370.7347106933594,31650
2026-03-25 17:08:00+00:00,370.614990234375,370.614990234375,370.70001220703125,370.5299987792969,370.69500732421875,47961
2026-03-25 17:09:00+00:00,370.5199890136719,370.5199890136719,370.69000244140625,370.4200134277344,370.6300048828125,75211
2026-03-25 17:10:00+00:00,370.625,370.625,370.65509033203125,370.4649963378906,370.5150146484375,36212
2026-03-25 17:11:00+00:00,370.7950134277344,370.7950134277344,370.8500061035156,370.5400085449219,370.6000061035156,42532
2026-03-25 17:12:00+00:00,371.1549987792969,371.1549987792969,371.17999267578125,370.82501220703125,370.82501220703125,47375
2026-03-25 17:13:00+00:00,371.125,371.125,371.17999267578125,371.0299987792969,371.1499938964844,64867
2026-03-25 17:14:00+00:00,370.840087890625,370.840087890625,371.114990234375,370.7721862792969,371.1000061035156,52220
2026-03-25 17:15:00+00:00,370.7099914550781,370.7099914550781,370.8764953613281,370.6199951171875,370.8349914550781,55620
2026-03-25 17:16:00+00:00,370.614990234375,370.614990234375,370.7598876953125,370.57000732421875,370.7200012207031,59839
2026-03-25 17:17:00+00:00,370.80499267578125,370.80499267578125,370.8299865722656,370.6000061035156,370.61749267578125,109700
2026-03-25 17:18:00+00:00,370.8349914550781,370.8349914550781,371.1000061035156,370.7799987792969,370.80999755859375,47958
2026-03-25 17:19:00+00:00,371.0199890136719,371.0199890136719,371.19000244140625,370.6300048828125,370.8349914550781,50675
2026-03-25 17:20:00+00:00,371.0,371.0,371.1199951171875,370.9501037597656,371.04998779296875,40319
2026-03-25 17:21:00+00:00,371.07940673828125,371.07940673828125,371.1050109863281,371.0,371.0299987792969,28865
2026-03-25 17:22:00+00:00,370.9601135253906,370.9601135253906,371.1600036621094,370.9100036621094,371.0400085449219,48987
2026-03-25 17:23:00+00:00,371.1600036621094,371.1600036621094,371.3500061035156,370.9400939941406,370.9549865722656,39904
2026-03-25 17:24:00+00:00,371.0400085449219,371.0400085449219,371.1913146972656,370.981201171875,371.1199951171875,35429
2026-03-25 17:25:00+00:00,371.1546936035156,371.1546936035156,371.2200012207031,371.07000732421875,371.07000732421875,30246
2026-03-25 17:26:00+00:00,371.3028869628906,371.3028869628906,371.37908935546875,371.17999267578125,371.17999267578125,30361
2026-03-25 17:27:00+00:00,371.6549987792969,371.6549987792969,371.6600036621094,371.3200988769531,371.3299865722656,36999
2026-03-25 17:28:00+00:00,371.5799865722656,371.5799865722656,371.635009765625,371.489990234375,371.6300048828125,30071
2026-03-25 17:29:00+00:00,371.3900146484375,371.3900146484375,371.54998779296875,371.3399963378906,371.5299987792969,25132
2026-03-25 17:30:00+00:00,371.42498779296875,371.42498779296875,371.4700012207031,371.29901123046875,371.3999938964844,27960
2026-03-25 17:31:00+00:00,370.9999084472656,370.9999084472656,371.4700012207031,370.9700012207031,371.42498779296875,40253
2026-03-25 17:32:00+00:00,371.1050109863281,371.1050109863281,371.1650085449219,370.92999267578125,370.9599914550781,66331
2026-03-25 17:33:00+00:00,371.2250061035156,371.2250061035156,371.2799987792969,371.07000732421875,371.1199951171875,49745
2026-03-25 17:34:00+00:00,371.19000244140625,371.19000244140625,371.21990966796875,371.114990234375,371.20001220703125,59722
2026-03-25 17:35:00+00:00,371.1449890136719,371.1449890136719,371.19989013671875,371.1000061035156,371.19989013671875,72729
2026-03-25 17:36:00+00:00,371.0899963378906,371.0899963378906,371.17999267578125,371.0450134277344,371.1499938964844,42081
2026-03-25 17:37:00+00:00,370.95001220703125,370.95001220703125,371.0885009765625,370.8599853515625,371.0885009765625,35795
2026-03-25 17:38:00+00:00,371.1650085449219,371.1650085449219,371.20001220703125,370.8900146484375,370.94500732421875,88819
2026-03-25 17:39:00+00:00,371.3800048828125,371.3800048828125,371.4299011230469,371.0199890136719,371.1482849121094,64191
2026-03-25 17:40:00+00:00,371.25,371.25,371.4801025390625,371.1700134277344,371.375,39578
2026-03-25 17:41:00+00:00,371.07000732421875,371.07000732421875,371.260009765625,371.04998779296875,371.2593994140625,29133
2026-03-25 17:42:00+00:00,371.0150146484375,371.0150146484375,371.17999267578125,371.0,371.1099853515625,27250
2026-03-25 17:43:00+00:00,371.2099914550781,371.2099914550781,371.510009765625,371.010009765625,371.0150146484375,89506
2026-03-25 17:44:00+00:00,371.0700988769531,371.0700988769531,371.25,371.0199890136719,371.19000244140625,34811
2026-03-25 17:45:00+00:00,370.8500061035156,370.8500061035156,371.1005859375,370.8500061035156,371.1000061035156,44035
2026-03-25 17:46:00+00:00,370.95001220703125,370.95001220703125,370.9700012207031,370.82501220703125,370.875,26591
2026-03-25 17:47:00+00:00,370.95001220703125,370.95001220703125,370.9800109863281,370.8500061035156,370.94000244140625,31662
2026-03-25 17:48:00+00:00,370.8800048828125,370.8800048828125,371.0199890136719,370.7699890136719,370.9700012207031,33035
2026-03-25 17:49:00+00:00,370.69000244140625,370.69000244140625,370.94000244140625,370.69000244140625,370.8800048828125,33154
2026-03-25 17:50:00+00:00,370.7195129394531,370.7195129394531,370.739990234375,370.6099853515625,370.7049865722656,47622
2026-03-25 17:51:00+00:00,370.7200012207031,370.7200012207031,370.7200012207031,370.510009765625,370.7030029296875,36762
2026-03-25 17:52:00+00:00,370.6650085449219,370.6650085449219,371.1300048828125,370.6400146484375,370.75,47149
2026-03-25 17:53:00+00:00,370.80999755859375,370.80999755859375,370.8301086425781,370.5799865722656,370.70001220703125,24522
2026-03-25 17:54:00+00:00,370.8699035644531,370.8699035644531,370.9800109863281,370.8163146972656,370.82000732421875,38426
2026-03-25 17:55:00+00:00,370.91009521484375,370.91009521484375,370.9200134277344,370.75,370.860107421875,18209
2026-03-25 17:56:00+00:00,370.8999938964844,370.8999938964844,370.92999267578125,370.75,370.90008544921875,18868
2026-03-25 17:57:00+00:00,370.92999267578125,370.92999267578125,370.92999267578125,370.7799987792969,370.8999938964844,36019
2026-03-25 17:58:00+00:00,371.1199951171875,371.1199951171875,371.42999267578125,370.8500061035156,370.9100036621094,74910
2026-03-25 17:59:00+00:00,370.9949951171875,370.9949951171875,371.09991455078125,370.8800048828125,371.0899963378906,117540
2026-03-25 18:00:00+00:00,370.8919982910156,370.8919982910156,371.0799865722656,370.79998779296875,371.0050048828125,40756
2026-03-25 18:01:00+00:00,370.760009765625,370.760009765625,370.9198913574219,370.6000061035156,370.8949890136719,41076
2026-03-25 18:02:00+00:00,370.8800048828125,370.8800048828125,371.0,370.7099914550781,370.7900085449219,32425
2026-03-25 18:03:00+00:00,370.8399963378906,370.8399963378906,371.010009765625,370.80999755859375,370.889892578125,27544
2026-03-25 18:04:00+00:00,370.82000732421875,370.82000732421875,370.9100036621094,370.79998779296875,370.8550109863281,17857
2026-03-25 18:05:00+00:00,371.0625,371.0625,371.07000732421875,370.82000732421875,370.82000732421875,22437
2026-03-25 18:06:00+00:00,370.9800109863281,370.9800109863281,371.1000061035156,370.9750061035156,371.0899963378906,35146
2026-03-25 18:07:00+00:00,370.70001220703125,370.70001220703125,370.9800109863281,370.6344909667969,370.9800109863281,19952
2026-03-25 18:08:00+00:00,370.6099853515625,370.6099853515625,370.7099914550781,370.4200134277344,370.69000244140625,69226
2026-03-25 18:09:00+00:00,370.7699890136719,370.7699890136719,370.8099060058594,370.5987854003906,370.6195068359375,58814
2026-03-25 18:10:00+00:00,370.7799987792969,370.7799987792969,370.8999938964844,370.6400146484375,370.7449951171875,26818
2026-03-25 18:11:00+00:00,370.8900146484375,370.8900146484375,370.8999938964844,370.739990234375,370.7699890136719,346855
2026-03-25 18:12:00+00:00,370.8699035644531,370.8699035644531,370.8800048828125,370.7699890136719,370.8599853515625,23338
2026-03-25 18:13:00+00:00,370.82000732421875,370.82000732421875,370.8500061035156,370.7699890136719,370.8299865722656,13009
2026-03-25 18:14:00+00:00,370.739990234375,370.739990234375,370.82989501953125,370.72698974609375,370.79998779296875,28789
2026-03-25 18:15:00+00:00,370.7349853515625,370.7349853515625,370.7699890136719,370.7099914550781,370.760009765625,15947
2026-03-25 18:16:00+00:00,370.70001220703125,370.70001220703125,370.7449951171875,370.6000061035156,370.7349853515625,29700
2026-03-25 18:17:00+00:00,370.7300109863281,370.7300109863281,370.80999755859375,370.45001220703125,370.70001220703125,53392
2026-03-25 18:18:00+00:00,370.6099853515625,370.6099853515625,370.6700134277344,370.4800109863281,370.6600036621094,31460
2026-03-25 18:19:00+00:00,370.4194030761719,370.4194030761719,370.6199951171875,370.3949890136719,370.6199951171875,38736
2026-03-25 18:20:00+00:00,370.5899963378906,370.5899963378906,370.5899963378906,370.3699951171875,370.4100036621094,33642
2026-03-25 18:21:00+00:00,370.6600036621094,370.6600036621094,370.6600036621094,370.5,370.6000061035156,28768
2026-03-25 18:22:00+00:00,370.6393127441406,370.6393127441406,370.6700134277344,370.6099853515625,370.6401062011719,24001
2026-03-25 18:23:00+00:00,370.60809326171875,370.60809326171875,370.650390625,370.5299987792969,370.6199951171875,21762
2026-03-25 18:24:00+00:00,370.6499938964844,370.6499938964844,370.6499938964844,370.54998779296875,370.6099853515625,19918
2026-03-25 18:25:00+00:00,370.4549865722656,370.4549865722656,370.6590881347656,370.44000244140625,370.6405029296875,41595
2026-03-25 18:26:00+00:00,370.19000244140625,370.19000244140625,370.4700012207031,370.1099853515625,370.4549865722656,79248
2026-03-25 18:27:00+00:00,370.2250061035156,370.2250061035156,370.29998779296875,370.1400146484375,370.2099914550781,42236
2026-03-25 18:28:00+00:00,370.1600036621094,370.1600036621094,370.239990234375,370.0,370.2099914550781,132386
2026-03-25 18:29:00+00:00,370.0299987792969,370.0299987792969,370.20001220703125,369.989990234375,370.1675109863281,59032
2026-03-25 18:30:00+00:00,370.1300048828125,370.1300048828125,370.2298889160156,370.0350036621094,370.0400085449219,50249
2026-03-25 18:31:00+00:00,370.0400085449219,370.0400085449219,370.1401062011719,369.989990234375,370.1400146484375,56827
2026-03-25 18:32:00+00:00,370.17999267578125,370.17999267578125,370.19000244140625,370.02978515625,370.02978515625,35939
2026-03-25 18:33:00+00:00,370.2550048828125,370.2550048828125,370.2699890136719,370.0299987792969,370.1700134277344,44335
2026-03-25 18:34:00+00:00,370.239990234375,370.239990234375,370.2699890136719,370.1700134277344,370.25,27482
2026-03-25 18:35:00+00:00,370.2301025390625,370.2301025390625,370.2550048828125,370.1300048828125,370.2300109863281,39866
2026-03-25 18:36:00+00:00,370.2200012207031,370.2200012207031,370.2799987792969,370.1650085449219,370.2300109863281,28902
2026-03-25 18:37:00+00:00,370.260009765625,370.260009765625,370.2650146484375,370.1600036621094,370.239990234375,39566
2026-03-25 18:38:00+00:00,370.41009521484375,370.41009521484375,370.45001220703125,370.25,370.25,41277
2026-03-25 18:39:00+00:00,370.5,370.5,370.5400085449219,370.3711853027344,370.42498779296875,31850
2026-03-25 18:40:00+00:00,370.3599853515625,370.3599853515625,370.5400085449219,370.2799987792969,370.510009765625,40569
2026-03-25 18:41:00+00:00,370.30499267578125,370.30499267578125,370.489990234375,370.2749938964844,370.3399963378906,24475
2026-03-25 18:42:00+00:00,370.15008544921875,370.15008544921875,370.389892578125,370.15008544921875,370.30999755859375,22513
2026-03-25 18:43:00+00:00,370.239990234375,370.239990234375,370.239990234375,370.1000061035156,370.1499938964844,41912
2026-03-25 18:44:00+00:00,370.4100036621094,370.4100036621094,370.4299011230469,370.2200012207031,370.24969482421875,28993
2026-03-25 18:45:00+00:00,370.44000244140625,370.44000244140625,370.4800109863281,370.3699951171875,370.3900146484375,63507
2026-03-25 18:46:00+00:00,370.4549865722656,370.4549865722656,370.510009765625,370.41009521484375,370.42041015625,26845
2026-03-25 18:47:00+00:00,370.44000244140625,370.44000244140625,370.4700012207031,370.3949890136719,370.4549865722656,19505
2026-03-25 18:48:00+00:00,370.2950134277344,370.2950134277344,370.44000244140625,370.25,370.42999267578125,41791
2026-03-25 18:49:00+00:00,370.20001220703125,370.20001220703125,370.3232116699219,370.1650085449219,370.2900085449219,26053
2026-03-25 18:50:00+00:00,370.2598876953125,370.2598876953125,370.2598876953125,370.1000061035156,370.18499755859375,33716
2026-03-25 18:51:00+00:00,370.3299865722656,370.3299865722656,370.3299865722656,370.19000244140625,370.25,29113
2026-03-25 18:52:00+00:00,370.4700012207031,370.4700012207031,370.4800109863281,370.2807922363281,370.3251037597656,29669
2026-03-25 18:53:00+00:00,370.37030029296875,370.37030029296875,370.4700927734375,370.3699951171875,370.4700927734375,27604
2026-03-25 18:54:00+00:00,370.4175109863281,370.4175109863281,370.4200134277344,370.32000732421875,370.3800048828125,25793
2026-03-25 18:55:00+00:00,369.6600036621094,369.6600036621094,370.4800109863281,369.6300048828125,370.4150085449219,200821
2026-03-25 18:56:00+00:00,369.80999755859375,369.80999755859375,370.06060791015625,369.6300048828125,369.6400146484375,104023
2026-03-25 18:57:00+00:00,370.1400146484375,370.1400146484375,370.1400146484375,369.80999755859375,369.82000732421875,57140
2026-03-25 18:58:00+00:00,370.1600036621094,370.1600036621094,370.2950134277344,370.1000061035156,370.1000061035156,56514
2026-03-25 18:59:00+00:00,370.29998779296875,370.29998779296875,370.30999755859375,370.1300048828125,370.1499938964844,59084
2026-03-25 19:00:00+00:00,369.79998779296875,369.79998779296875,370.29998779296875,369.69000244140625,370.29998779296875,82848
2026-03-25 19:01:00+00:00,370.05999755859375,370.05999755859375,370.1099853515625,369.760009765625,369.7900085449219,72290
2026-03-25 19:02:00+00:00,370.1243896484375,370.1243896484375,370.1499938964844,369.9700012207031,370.05499267578125,33050
2026-03-25 19:03:00+00:00,369.8349914550781,369.8349914550781,370.1499938964844,369.80999755859375,370.1000061035156,56263
2026-03-25 19:04:00+00:00,369.9599914550781,369.9599914550781,370.04998779296875,369.8500061035156,369.8599853515625,45516
2026-03-25 19:05:00+00:00,369.82000732421875,369.82000732421875,370.0299987792969,369.7699890136719,369.95001220703125,83414
2026-03-25 19:06:00+00:00,369.7900085449219,369.7900085449219,369.8876953125,369.69500732421875,369.8642883300781,55867
2026-03-25 19:07:00+00:00,369.7799987792969,369.7799987792969,369.95001220703125,369.739990234375,369.7900085449219,82735
2026-03-25 19:08:00+00:00,369.849609375,369.849609375,369.8699951171875,369.6400146484375,369.79998779296875,43292
2026-03-25 19:09:00+00:00,369.7900085449219,369.7900085449219,369.8399963378906,369.6499938964844,369.8399963378906,40123
2026-03-25 19:10:00+00:00,369.79998779296875,369.79998779296875,369.8399963378906,369.72698974609375,369.7900085449219,41825
2026-03-25 19:11:00+00:00,369.739990234375,369.739990234375,369.82989501953125,369.7099914550781,369.79998779296875,30363
2026-03-25 19:12:00+00:00,369.8310852050781,369.8310852050781,369.8500061035156,369.7099914550781,369.7099914550781,32652
2026-03-25 19:13:00+00:00,369.95001220703125,369.95001220703125,369.9599914550781,369.7461853027344,369.82000732421875,41435
2026-03-25 19:14:00+00:00,370.0400085449219,370.0400085449219,370.0899963378906,369.92999267578125,369.93499755859375,97776
2026-03-25 19:15:00+00:00,370.2300109863281,370.2300109863281,370.2300109863281,369.9599914550781,370.0199890136719,58481
2026-03-25 19:16:00+00:00,370.3102111816406,370.3102111816406,370.3900146484375,370.2099914550781,370.2200012207031,59204
2026-03-25 19:17:00+00:00,370.2699890136719,370.2699890136719,370.33990478515625,370.1512145996094,370.33990478515625,43342
2026-03-25 19:18:00+00:00,370.260009765625,370.260009765625,370.3699951171875,370.2200012207031,370.2699890136719,67835
2026-03-25 19:19:00+00:00,370.3500061035156,370.3500061035156,370.4200134277344,370.2099914550781,370.260009765625,39540
2026-03-25 19:20:00+00:00,370.6300048828125,370.6300048828125,370.6600036621094,370.2799987792969,370.3800048828125,253642
2026-03-25 19:21:00+00:00,370.54998779296875,370.54998779296875,370.6499938964844,370.45001220703125,370.6099853515625,45766
2026-03-25 19:22:00+00:00,370.57000732421875,370.57000732421875,370.57000732421875,370.42999267578125,370.54998779296875,43758
2026-03-25 19:23:00+00:00,370.54998779296875,370.54998779296875,370.57000732421875,370.4700012207031,370.57000732421875,36677
2026-03-25 19:24:00+00:00,370.6000061035156,370.6000061035156,370.6300048828125,370.5299987792969,370.5466003417969,38451
2026-03-25 19:25:00+00:00,370.4200134277344,370.4200134277344,370.7300109863281,370.4150085449219,370.6099853515625,53362
2026-03-25 19:26:00+00:00,370.2900085449219,370.2900085449219,370.4800109863281,370.25,370.4220886230469,45221
2026-03-25 19:27:00+00:00,370.2900085449219,370.2900085449219,370.42999267578125,370.260009765625,370.2900085449219,45133
2026-03-25 19:28:00+00:00,370.2900085449219,370.2900085449219,370.3500061035156,370.2699890136719,370.2799987792969,41291
2026-03-25 19:29:00+00:00,370.3900146484375,370.3900146484375,370.4100036621094,370.1400146484375,370.2900085449219,40320
2026-03-25 19:30:00+00:00,370.2300109863281,370.2300109863281,370.4200134277344,370.19000244140625,370.3800048828125,43164
2026-03-25 19:31:00+00:00,370.20001220703125,370.20001220703125,370.2900085449219,370.114990234375,370.2099914550781,43239
2026-03-25 19:32:00+00:00,370.1700134277344,370.1700134277344,370.20001220703125,370.04998779296875,370.17999267578125,42734
2026-03-25 19:33:00+00:00,370.2650146484375,370.2650146484375,370.2699890136719,370.1400146484375,370.1600036621094,37718
2026-03-25 19:34:00+00:00,370.3900146484375,370.3900146484375,370.4100036621094,370.2300109863281,370.260009765625,42110
2026-03-25 19:35:00+00:00,370.2792053222656,370.2792053222656,370.3999938964844,370.2200012207031,370.3800048828125,33522
2026-03-25 19:36:00+00:00,370.17999267578125,370.17999267578125,370.2900085449219,370.1499938964844,370.260009765625,35014
2026-03-25 19:37:00+00:00,370.25,370.25,370.25,370.1600036621094,370.18548583984375,38760
2026-03-25 19:38:00+00:00,370.3699951171875,370.3699951171875,370.3699951171875,370.2099914550781,370.2550048828125,43906
2026-03-25 19:39:00+00:00,370.37298583984375,370.37298583984375,370.45001220703125,370.32000732421875,370.3500061035156,42160
2026-03-25 19:40:00+00:00,370.4800109863281,370.4800109863281,370.489990234375,370.2099914550781,370.3800048828125,556116
2026-03-25 19:41:00+00:00,370.4841003417969,370.4841003417969,370.5400085449219,370.3800048828125,370.4649963378906,63070
2026-03-25 19:42:00+00:00,370.5299987792969,370.5299987792969,370.6199951171875,370.489990234375,370.5,47604
2026-03-25 19:43:00+00:00,370.5400085449219,370.5400085449219,370.6499938964844,370.4100036621094,370.5249938964844,41755
2026-03-25 19:44:00+00:00,370.510009765625,370.510009765625,370.5899963378906,370.3999938964844,370.5400085449219,46950
2026-03-25 19:45:00+00:00,370.4599914550781,370.4599914550781,370.5299987792969,370.4193115234375,370.5,54791
2026-03-25 19:46:00+00:00,370.489990234375,370.489990234375,370.6400146484375,370.4200134277344,370.4599914550781,69558
2026-03-25 19:47:00+00:00,370.54998779296875,370.54998779296875,370.54998779296875,370.4599914550781,370.489990234375,44389
2026-03-25 19:48:00+00:00,370.510009765625,370.510009765625,370.5899963378906,370.4125061035156,370.5299987792969,45503
2026-03-25 19:49:00+00:00,370.70001220703125,370.70001220703125,370.75,370.5400085449219,370.5400085449219,72949
2026-03-25 19:50:00+00:00,371.17999267578125,371.17999267578125,371.2200012207031,370.7099914550781,370.7200012207031,147372
2026-03-25 19:51:00+00:00,370.9949951171875,370.9949951171875,371.17999267578125,370.9800109863281,371.17498779296875,118425
2026-03-25 19:52:00+00:00,371.1499938964844,371.1499938964844,371.1700134277344,370.9700012207031,371.0,86842
2026-03-25 19:53:00+00:00,371.1600036621094,371.1600036621094,371.3599853515625,371.1199951171875,371.1499938964844,132796
2026-03-25 19:54:00+00:00,370.94000244140625,370.94000244140625,371.1600036621094,370.8800048828125,371.1199951171875,89437
2026-03-25 19:55:00+00:00,370.9110107421875,370.9110107421875,371.2200012207031,370.8500061035156,371.0,154313
2026-03-25 19:56:00+00:00,370.760009765625,370.760009765625,370.9200134277344,370.6099853515625,370.8900146484375,102313
2026-03-25 19:57:00+00:00,370.75,370.75,370.9100036621094,370.6700134277344,370.7699890136719,182284
2026-03-25 19:58:00+00:00,370.8599853515625,370.8599853515625,370.875,370.67999267578125,370.75,294420
2026-03-25 19:59:00+00:00,371.0299987792969,371.0299987792969,371.1300048828125,370.8500061035156,370.8599853515625,429501
2026-03-25 20:00:00+00:00,371.1622,371.1622,371.25,370.75,371.03,2835148
2026-03-25 20:01:00+00:00,371.25,371.25,371.25,371.04,371.2486,0
2026-03-25 20:02:00+00:00,371.28,371.28,371.3,371.04,371.24,0
2026-03-25 20:03:00+00:00,371.23,371.23,371.28,371.04,371.28,0
2026-03-25 20:04:00+00:00,371.25,371.25,371.29,371.04,371.2493,0
2026-03-25 20:05:00+00:00,371.19,371.19,371.28,371.11,371.22,0
2026-03-25 20:06:00+00:00,371.08,371.08,371.21,371.04,371.21,0
2026-03-25 20:07:00+00:00,371.16,371.16,371.16,371.05,371.12,0
2026-03-25 20:08:00+00:00,371.0694,371.0694,371.2,371.03,371.2,0
2026-03-25 20:09:00+00:00,371.0406,371.0406,371.11,371.0401,371.06,0
2026-03-25 20:10:00+00:00,371.1386,371.1386,371.2,371.04,371.06,0
2026-03-25 20:11:00+00:00,371.13,371.13,371.14,371.06,371.14,0
2026-03-25 20:12:00+00:00,371.11,371.11,371.14,371.06,371.06,0
2026-03-25 20:13:00+00:00,371.2,371.2,371.2,371.1,371.1317,0
2026-03-25 20:14:00+00:00,371.19,371.19,371.2,371.09,371.15,0
2026-03-25 20:15:00+00:00,371.15,371.15,371.2,371.04,371.04,0
2026-03-25 20:16:00+00:00,371.17,371.17,371.2,371.13,371.15,0
2026-03-25 20:17:00+00:00,371.2295,371.2295,371.3,371.19,371.2,0
2026-03-25 20:18:00+00:00,371.24,371.24,371.29,371.19,371.24,0
2026-03-25 20:19:00+00:00,371.27,371.27,371.29,371.04,371.29,0
2026-03-25 20:20:00+00:00,371.449,371.449,371.49,371.2699,371.27,0
2026-03-25 20:21:00+00:00,371.4299,371.4299,371.49,371.4,371.45,0
2026-03-25 20:22:00+00:00,371.478,371.478,371.48,371.4,371.43,0
2026-03-25 20:23:00+00:00,371.36,371.36,371.48,371.3456,371.4782,0
2026-03-25 20:24:00+00:00,371.31,371.31,371.45,371.31,371.3456,0
2026-03-25 20:25:00+00:00,371.3,371.3,371.4,371.1072,371.31,0
2026-03-25 20:26:00+00:00,371.21,371.21,371.3,371.11,371.29,0
2026-03-25 20:27:00+00:00,371.1999,371.1999,371.2999,371.1,371.25,0
2026-03-25 20:28:00+00:00,371.19,371.19,371.2,371.0537,371.1962,0
2026-03-25 20:29:00+00:00,371.07,371.07,371.19,371.05,371.05,0
2026-03-25 20:30:00+00:00,371.09,371.09,371.19,371.07,371.15,0
2026-03-25 20:31:00+00:00,371.19,371.19,371.2,371.1,371.19,0
2026-03-25 20:32:00+00:00,371.2,371.2,371.23,371.1,371.1975,0
2026-03-25 20:33:00+00:00,371.3726,371.3726,371.4,371.1999,371.2,0
2026-03-25 20:34:00+00:00,371.29,371.29,371.4,371.19,371.4,0
2026-03-25 20:35:00+00:00,371.45,371.45,371.45,371.1912,371.1912,0
2026-03-25 20:36:00+00:00,371.45,371.45,371.45,371.2238,371.4069,0
2026-03-25 20:37:00+00:00,371.41,371.41,371.41,371.2447,371.2499,0
2026-03-25 20:38:00+00:00,371.41,371.41,371.41,371.22,371.41,0
2026-03-25 20:39:00+00:00,371.33,371.33,371.44,371.3,371.4077,0
2026-03-25 20:40:00+00:00,371.39,371.39,371.42,371.37,371.4,0
2026-03-25 20:41:00+00:00,371.3991,371.3991,371.4,371.36,371.3884,0
2026-03-25 20:42:00+00:00,371.3604,371.3604,371.43,371.34,371.4,0
2026-03-25 20:43:00+00:00,371.43,371.43,371.43,371.4,371.41,0
2026-03-25 20:44:00+00:00,371.36,371.36,371.44,371.36,371.4283,0
2026-03-25 20:45:00+00:00,371.36,371.36,371.4,371.2342,371.37,0
2026-03-25 20:46:00+00:00,371.33,371.33,371.4,371.04,371.33,0
2026-03-25 20:47:00+00:00,371.22,371.22,371.3623,371.1265,371.21,0
2026-03-25 20:48:00+00:00,371.3,371.3,371.3988,371.13,371.16,0
2026-03-25 20:49:00+00:00,371.18,371.18,371.35,371.15,371.3,0
2026-03-25 20:50:00+00:00,371.1993,371.1993,371.35,371.18,371.35,0
2026-03-25 20:51:00+00:00,371.11,371.11,371.2,371.11,371.2,0
2026-03-25 20:52:00+00:00,371.13,371.13,371.15,371.04,371.15,0
2026-03-25 20:53:00+00:00,371.1012,371.1012,371.15,371.04,371.04,0
2026-03-25 20:54:00+00:00,371.15,371.15,371.15,371.0427,371.1489,0
2026-03-25 20:55:00+00:00,371.1481,371.1481,371.15,355.8094,371.0412,0
2026-03-25 20:56:20+00:00,371.1429,371.1429,371.1429,371.1429,371.1429,0
